"Frame","TickMs","FlowUpperBoundMs","GCCollectionsBetweenScopeRecords"
"1","53.8263","10.384","0"
"2","0.4687","0.0913","0"
"3","0.2219","0.0275","0"
"4","0.238","0.0212","0"
"5","0.3845","0.0433","0"
"6","0.439","0.0722","0"
"7","0.4705","0.0744","0"
"8","0.6354","0.0814","0"
"9","0.467","0.0769","0"
"10","0.4428","0.0755","0"
"11","0.4644","0.0808","0"
"12","0.5079","0.0753","0"
"13","0.4268","0.0764","0"
"14","0.4721","0.0747","0"
"15","0.4729","0.0737","0"
"16","0.4233","0.0737","0"
"17","0.4174","0.0714","0"
"18","0.7103","0.0932","0"
"19","0.5501","0.0748","0"
"20","0.4532","0.078","0"
"21","0.4606","0.0773","0"
"22","0.4824","0.0839","0"
"23","0.4904","0.0867","0"
"24","0.4621","0.0834","0"
"25","0.5189","0.0763","0"
"26","0.4197","0.0746","0"
"27","0.4359","0.0771","0"
"28","0.4423","0.0775","0"
"29","0.4383","0.0745","0"
"30","0.4265","0.0745","0"
"31","1.5078","0.0802","0"
"32","9.639","0.1247","0"
"33","3.8105","0.1059","0"
"34","1.3827","0.0961","0"
"35","2.2413","0.132","0"
"36","1.7551","0.1076","0"
"37","3.7343","0.1116","0"
"38","4.6443","0.1147","0"
"39","1.6152","0.1064","0"
"40","1.6058","0.1109","0"
"41","1.4521","0.1017","0"
"42","1.4748","0.1105","0"
"43","1.6931","0.113","0"
"44","2.8295","0.111","0"
"45","1.9596","0.1115","0"
"46","1.5868","0.1219","0"
"47","1.7016","0.1147","0"
"48","1.5885","0.1109","0"
"49","1.5251","0.1199","0"
"50","1.587","0.1248","0"
"51","2.445","0.1081","0"
"52","2.0708","0.1247","0"
"53","1.5124","0.1126","0"
"54","1.5927","0.1139","0"
"55","1.9943","0.1574","0"
"56","1.5344","0.1081","0"
"57","1.5193","0.1088","0"
"58","2.3443","0.1148","0"
"59","2.6772","0.1275","0"
"60","1.4763","0.1127","0"
"61","1.5553","0.119","0"
"62","1.6252","0.1138","0"
"63","1.6292","0.1122","0"
"64","1.5837","0.1184","0"
"65","2.3363","0.1145","0"
"66","1.9855","0.1181","0"
"67","1.7075","0.1141","0"
"68","1.627","0.1187","0"
"69","1.6507","0.1084","0"
"70","1.5351","0.1126","0"
"71","1.6851","0.1149","0"
"72","2.4523","0.1122","0"
"73","2.0464","0.1244","0"
"74","3.9129","0.0805","0"
"75","1.7025","0.1202","0"
"76","1.5602","0.1146","0"
"77","1.4652","0.1065","0"
"78","1.6641","0.1089","0"
"79","9.89","0.1107","0"
"80","8.0364","5.8319","0"
"81","3.0561","1.0634","0"
"82","3.3692","1.8683","0"
"83","2.5936","0.7407","0"
"84","2.5238","1.0448","0"
"85","1.7085","0.276","0"
"86","5.2506","0.3277","0"
"87","2.3338","0.3433","0"
"88","1.9161","0.454","0"
"89","1.7929","0.3367","0"
"90","3.264","1.7263","0"
"91","1.9322","0.3109","0"
"92","2.3079","0.7929","0"
"93","4.7121","0.2845","0"
"94","2.34","0.3572","0"
"95","1.8554","0.2685","0"
"96","5.0803","3.5917","0"
"97","1.7786","0.2964","0"
"98","2.0427","0.5556","0"
"99","1.9668","0.2945","0"
"100","5.2585","0.3318","0"
"101","2.0868","0.2809","0"
"102","1.8207","0.3428","0"
"103","1.9461","0.2964","0"
"104","2.5732","1.0315","0"
"105","2.1719","0.3617","0"
"106","1.7985","0.3773","0"
"107","5.0638","0.2824","0"
"108","2.2215","0.3942","0"
"109","1.7209","0.2714","0"
"110","1.8382","0.3532","0"
"111","1.8788","0.2829","0"
"112","7.4782","0.398","0"
"113","2.4786","0.738","0"
"114","2.4143","0.1994","0"
"115","2.1823","0.273","0"
"116","1.8113","0.1882","0"
"117","1.6557","0.2133","0"
"118","1.6151","0.1697","0"
"119","5.4843","0.2144","0"
"120","1.5955","0.1787","0"
"121","2.5543","0.2844","0"
"122","1.9608","0.1962","0"
"123","1.9153","0.2936","0"
"124","1.7685","0.25","0"
"125","1.7196","0.2446","0"
"126","5.6662","0.1877","0"
"127","2.0068","0.229","0"
"128","2.3765","0.1857","0"
"129","6.4961","4.4971","0"
"130","2.3991","0.8464","0"
"131","2.2215","0.5509","0"
"132","2.0484","0.3824","0"
"133","5.8203","0.3997","0"
"134","2.0227","0.3546","0"
"135","2.8209","0.4235","0"
"136","2.4717","0.3656","0"
"137","1.9018","0.3675","0"
"138","2.1852","0.6489","0"
"139","4.4068","2.5217","0"
"140","6.619","0.8154","0"
"141","2.3784","0.7977","0"
"142","3.5029","0.6214","0"
"143","2.8584","0.6659","0"
"144","2.4312","0.6448","0"
"145","2.2154","0.5962","0"
"146","2.2343","0.6312","0"
"147","8.0849","0.6414","0"
"148","2.1702","0.6012","0"
"149","3.0691","0.6113","0"
"150","2.7038","0.686","0"
"151","2.4485","0.5438","0"
"152","2.1885","0.5674","0"
"153","2.2257","0.5769","0"
"154","7.1081","0.673","0"
"155","2.3471","0.5224","0"
"156","3.618","0.5945","0"
"157","2.58","0.6489","0"
"158","2.1783","0.5911","0"
"159","2.2185","0.5596","0"
"160","2.7377","0.8891","0"
"161","6.3102","1.0021","0"
"162","2.2212","0.6655","0"
"163","4.1049","0.8951","0"
"164","2.9534","0.7956","0"
"165","2.2691","0.6615","0"
"166","2.2959","0.6497","0"
"167","2.4126","0.5888","0"
"168","6.1564","0.5789","0"
"169","2.3021","0.5744","0"
"170","3.017","0.5691","0"
"171","3.068","0.663","0"
"172","2.3876","0.6635","0"
"173","2.4646","0.7622","0"
"174","2.3565","0.6017","0"
"175","7.2294","0.6683","0"
"176","2.3026","0.5879","0"
"177","3.2953","0.5932","0"
"178","2.7226","0.648","0"
"179","2.7352","0.658","0"
"180","2.3053","0.6047","0"
"181","2.5953","0.6747","0"
"182","7.1595","1.087","0"
"183","3.7927","1.5598","0"
"184","3.7496","1.1811","0"
"185","2.7856","0.6933","0"
"186","2.4265","0.643","0"
"187","3.305","1.2933","0"
"188","3.1959","1.2278","0"
"189","6.547","0.8906","0"
"190","2.7577","0.9708","0"
"191","3.34","0.6282","0"
"192","2.528","0.5444","0"
"193","2.4466","0.5683","0"
"194","2.2244","0.5745","0"
"195","2.6981","0.6513","0"
"196","6.3131","0.746","0"
"197","2.3647","0.6222","0"
"198","3.4757","0.6966","0"
"199","2.8597","0.6486","0"
"200","2.405","0.6392","0"
"201","2.8697","0.664","0"
"202","2.6645","0.6236","0"
"203","6.3674","0.6245","0"
"204","2.3005","0.5924","0"
"205","3.1034","0.5863","0"
"206","2.6219","0.5932","0"
"207","2.5473","0.5498","0"
"208","2.4567","0.6127","0"
"209","2.3874","0.5613","0"
"210","6.1203","0.6317","0"
"211","2.628","0.5658","0"
"212","3.1006","0.5831","0"
"213","2.6785","0.5856","0"
"214","2.5226","0.5587","0"
"215","2.4332","0.5466","0"
"216","2.333","0.5436","0"
"217","6.4112","0.5553","0"
"218","2.3206","0.5786","0"
"219","3.1575","0.5465","0"
"220","2.4994","0.541","0"
"221","2.3673","0.598","0"
"222","2.582","0.5981","0"
"223","2.4566","0.5889","0"
"224","6.3587","0.7234","0"
"225","2.4524","0.6141","0"
"226","3.3495","0.5957","0"
"227","2.6804","0.5456","0"
"228","2.4346","0.5348","0"
"229","2.258","0.4843","0"
"230","2.2687","0.4936","0"
"231","6.198","0.4863","0"
"232","2.2223","0.4806","0"
"233","2.8879","0.4635","0"
"234","2.6107","0.5572","0"
"235","2.3685","0.4958","0"
"236","2.0926","0.4674","0"
"237","2.2551","0.5449","0"
"238","6.2455","0.5896","0"
"239","2.6509","0.7269","0"
"240","3.4227","0.8591","0"
"241","2.7075","0.7065","0"
"242","2.3689","0.6085","0"
"243","2.619","0.6884","0"
"244","2.5974","0.6376","0"
"245","6.5811","0.6257","0"
"246","2.3125","0.5924","0"
"247","3.2983","0.6678","0"
"248","2.7294","0.6673","0"
"249","2.5011","0.7503","0"
"250","2.9888","0.9567","0"
"251","2.5231","0.658","0"
"252","6.2251","0.6647","0"
"253","2.3151","0.6073","0"
"254","3.2294","0.6448","0"
"255","2.8982","0.623","0"
"256","2.3919","0.6416","0"
"257","2.4687","0.6152","0"
"258","2.3653","0.6053","0"
"259","6.2686","0.6011","0"
"260","2.3545","0.6605","0"
"261","3.2726","0.6277","0"
"262","2.848","0.563","0"
"263","2.4","0.548","0"
"264","2.1986","0.495","0"
"265","2.092","0.4629","0"
"266","6.2804","0.6035","0"
"267","2.457","0.5618","0"
"268","3.0609","0.5126","0"
"269","2.4974","0.5076","0"
"270","2.2542","0.5336","0"
"271","2.4097","0.5893","0"
"272","2.1892","0.5103","0"
"273","6.0208","0.5581","0"
"274","4.202","0.7783","0"
"275","4.7103","0.6257","0"
"276","2.6944","0.5537","0"
"277","2.2301","0.5146","0"
"278","2.3987","0.6726","0"
"279","2.4833","0.5612","0"
"280","4.2901","0.57","0"
"281","2.2259","0.5293","0"
"282","3.2241","0.6362","0"
"283","2.6744","0.5062","0"
"284","2.3388","0.6336","0"
"285","2.4362","0.7251","0"
"286","2.2749","0.6104","0"
"287","4.8274","0.6237","0"
"288","2.3215","0.5862","0"
"289","2.919","0.4823","0"
"290","2.8171","0.5477","0"
"291","2.3377","0.4537","0"
"292","2.3854","0.6525","0"
"293","2.6506","0.8274","0"
"294","4.3669","0.75","0"
"295","2.4874","0.5793","0"
"296","3.7818","0.6785","0"
"297","2.753","0.5881","0"
"298","2.3568","0.6545","0"
"299","2.6383","0.557","0"
"300","2.3072","0.567","0"
"301","4.4531","0.5926","0"
"302","3.1519","0.7916","0"
"303","3.749","0.5671","0"
"304","2.4891","0.5031","0"
"305","2.4605","0.6022","0"
"306","3.313","0.7861","0"
"307","2.6729","0.6328","0"
"308","3.0092","0.6482","0"
"309","3.0145","0.7521","0"
"310","5.0463","2.1006","0"
"311","3.4887","1.2313","0"
"312","2.6566","0.8768","0"
"313","2.4073","0.7883","0"
"314","2.7217","0.7911","0"
"315","2.7788","0.8316","0"
"316","2.6486","0.8889","0"
"317","3.2522","0.7568","0"
"318","2.7742","0.7354","0"
"319","2.8809","0.7584","0"
"320","2.5958","0.7426","0"
"321","2.8945","1.0462","0"
"322","2.7091","0.9471","0"
"323","2.8236","0.8363","0"
"324","3.3613","0.8056","0"
"325","2.7264","0.711","0"
"326","2.6974","0.8848","0"
"327","2.771","0.8197","0"
"328","2.7138","0.9358","0"
"329","2.6032","0.7525","0"
"330","2.9432","0.9222","0"
"331","3.4885","0.7681","0"
"332","3.0336","0.8351","0"
"333","2.4602","0.7751","0"
"334","3.9679","1.7337","0"
"335","2.5816","0.7289","0"
"336","2.7076","0.9276","0"
"337","3.3302","0.8554","0"
"338","3.6054","0.8892","0"
"339","2.9724","0.6674","0"
"340","2.6322","0.7738","0"
"341","2.8224","0.7425","0"
"342","2.4767","0.7308","0"
"343","2.448","0.6051","0"
"344","2.1913","0.5468","0"
"345","3.1515","0.601","0"
"346","2.6134","0.5577","0"
"347","3.2931","0.6335","0"
"348","2.2241","0.4858","0"
"349","2.2707","0.4867","0"
"350","2.1395","0.4168","0"
"351","2.3036","0.425","0"
"352","2.9773","0.44","0"
"353","2.9639","0.8078","0"
"354","2.4132","0.6643","0"
"355","2.5136","0.6036","0"
"356","3.092","1.3111","0"
"357","2.3459","0.5974","0"
"358","2.3228","0.674","0"
"359","3.5029","0.6972","0"
"360","2.8305","0.7203","0"
"361","2.2769","0.6382","0"
"362","2.7961","0.9977","0"
"363","2.6295","0.7131","0"
"364","2.524","0.7091","0"
"365","3.2927","0.8081","0"
"366","3.4489","0.7328","0"
"367","2.9642","0.6536","0"
"368","2.8254","0.9787","0"
"369","2.6258","0.8129","0"
"370","2.892","0.8767","0"
"371","2.7883","0.8739","0"
"372","2.8958","0.7329","0"
"373","3.1619","0.6487","0"
"374","3.3987","0.9903","0"
"375","2.6393","0.7068","0"
"376","2.6199","0.6741","0"
"377","2.4604","0.7824","0"
"378","2.4046","0.681","0"
"379","2.7392","0.7137","0"
"380","3.7643","1.0307","0"
"381","2.825","0.6487","0"
"382","2.3628","0.6405","0"
"383","2.7338","0.823","0"
"384","2.5199","0.7705","0"
"385","2.4614","0.7338","0"
"386","2.8784","0.9682","0"
"387","3.5874","0.6733","0"
"388","2.8095","0.6295","0"
"389","2.6035","0.753","0"
"390","2.3869","0.6391","0"
"391","2.4713","0.5327","0"
"392","2.4303","0.7387","0"
"393","2.3454","0.6303","0"
"394","3.159","0.5163","0"
"395","2.9593","0.6486","0"
"396","2.3049","0.5536","0"
"397","2.1657","0.4556","0"
"398","2.4199","0.7086","0"
"399","2.3768","0.4922","0"
"400","2.2575","0.5211","0"
"401","3.1092","0.6093","0"
"402","2.5471","0.4486","0"
"403","2.2734","0.4457","0"
"404","2.6016","0.6606","0"
"405","2.2079","0.5124","0"
"406","2.258","0.4778","0"
"407","2.5554","0.5676","0"
"408","2.9952","0.4614","0"
"409","2.4913","0.4644","0"
"410","2.486","0.6188","0"
"411","2.3917","0.4938","0"
"412","2.2906","0.5093","0"
"413","2.7594","0.5712","0"
"414","2.0987","0.4408","0"
"415","3.2536","0.4338","0"
"416","2.6889","0.6443","0"
"417","2.192","0.4942","0"
"418","2.5619","0.6327","0"
"419","2.4742","0.6425","0"
"420","2.1078","0.4534","0"
"421","2.2887","0.4427","0"
"422","3.2197","0.7075","0"
"423","2.7308","0.4746","0"
"424","2.2413","0.4869","0"
"425","2.576","0.6431","0"
"426","2.2313","0.4966","0"
"427","2.4072","0.46","0"
"428","2.54","0.6631","0"
"429","3.2976","0.5386","0"
"430","2.7502","0.5238","0"
"431","2.6888","0.5713","0"
"432","2.2077","0.5199","0"
"433","2.529","0.5428","0"
"434","2.3223","0.6408","0"
"435","2.7059","0.6002","0"
"436","3.0905","0.4365","0"
"437","2.7076","0.5754","0"
"438","2.1692","0.4586","0"
"439","2.4602","0.459","0"
"440","2.4367","0.7138","0"
"441","2.0682","0.4486","0"
"442","2.2801","0.4702","0"
"443","3.1905","0.571","0"
"444","2.5241","0.5078","0"
"445","2.411","0.6792","0"
"446","2.3869","0.6546","0"
"447","2.3288","0.4519","0"
"448","2.9257","0.4815","0"
"449","2.4367","0.6717","0"
"450","2.9539","0.4591","0"
"451","2.6951","0.4883","0"
"452","2.3085","0.6008","0"
"453","2.5187","0.6838","0"
"454","2.3554","0.4593","0"
"455","2.6104","0.6282","0"
"456","2.1179","0.4458","0"
"457","2.9376","0.472","0"
"458","2.7241","0.647","0"
"459","2.2453","0.4414","0"
"460","2.148","0.4116","0"
"461","2.2959","0.5744","0"
"462","2.2426","0.4641","0"
"463","2.51","0.4708","0"
"464","3.1232","0.6289","0"
"465","2.5318","0.5552","0"
"466","2.2378","0.4751","0"
"467","2.4316","0.5686","0"
"468","2.0645","0.4365","0"
"469","2.2127","0.4405","0"
"470","2.3156","0.6332","0"
"471","3.1165","0.477","0"
"472","2.451","0.3911","0"
"473","2.3068","0.5746","0"
"474","2.2506","0.4831","0"
"475","2.336","0.4491","0"
"476","2.325","0.6238","0"
"477","2.2576","0.5102","0"
"478","2.8214","0.4014","0"
"479","2.7556","0.5593","0"
"480","2.1494","0.4694","0"
"481","2.2286","0.4411","0"
"482","2.4986","0.637","0"
"483","2.4349","0.5392","0"
"484","2.2651","0.4524","0"
"485","3.1427","0.5727","0"
"486","2.9179","0.5373","0"
"487","2.3412","0.4414","0"
"488","2.373","0.6079","0"
"489","2.2863","0.4938","0"
"490","2.2802","0.4241","0"
"491","2.4493","0.5769","0"
"492","3.0301","0.4855","0"
"493","2.5243","0.4757","0"
"494","2.2505","0.6111","0"
"495","2.301","0.4737","0"
"496","2.4805","0.5445","0"
"497","2.295","0.5644","0"
"498","2.2451","0.4319","0"
"499","3.2238","0.4666","0"
"500","2.6272","0.6472","0"
"501","2.2275","0.4537","0"
"502","2.1854","0.418","0"
"503","2.7119","0.5626","0"
"504","2.5689","0.5993","0"
"505","2.1802","0.4679","0"
"506","3.1389","0.6527","0"
"507","2.8164","0.4818","0"
"508","2.1667","0.4248","0"
"509","2.3838","0.578","0"
"510","2.3132","0.5191","0"
"511","2.2188","0.4303","0"
"512","2.4168","0.6999","0"
"513","2.9977","0.4733","0"
"514","2.7597","0.4221","0"
"515","2.4454","0.6412","0"
"516","2.1833","0.4513","0"
"517","2.2209","0.4561","0"
"518","2.5896","0.7127","0"
"519","2.4239","0.5177","0"
"520","3.0036","0.4225","0"
"521","2.576","0.5687","0"
"522","2.0459","0.4403","0"
"523","2.4227","0.518","0"
"524","2.4256","0.675","0"
"525","2.0964","0.465","0"
"526","2.1767","0.4295","0"
"527","3.3792","0.6328","0"
"528","2.547","0.4518","0"
"529","2.0621","0.4206","0"
"530","2.3355","0.6281","0"
"531","2.3056","0.466","0"
"532","2.0891","0.4333","0"
"533","2.3091","0.6151","0"
"534","3.2524","0.5598","0"
"535","2.8307","0.4942","0"
"536","2.4407","0.6338","0"
"537","2.094","0.4411","0"
"538","2.4434","0.5779","0"
"539","2.3193","0.5164","0"
"540","2.3994","0.5696","0"
"541","3.0735","0.4499","0"
"542","2.8248","0.6893","0"
"543","2.2965","0.4417","0"
"544","2.2965","0.4824","0"
"545","2.1827","0.5172","0"
"546","2.111","0.4742","0"
"547","2.6027","0.4921","0"
"548","3.3037","0.6552","0"
"549","2.6318","0.4805","0"
"550","2.1541","0.4453","0"
"551","2.5589","0.5682","0"
"552","2.1935","0.5401","0"
"553","2.3446","0.486","0"
"554","2.3645","0.6344","0"
"555","3.1013","0.4609","0"
"556","2.6808","0.4915","0"
"557","2.4793","0.5984","0"
"558","2.2866","0.5926","0"
"559","2.2815","0.4362","0"
"560","2.4292","0.7037","0"
"561","2.414","0.465","0"
"562","3.0719","0.5076","0"
"563","3.1088","0.5563","0"
"564","2.2645","0.5258","0"
"565","2.3798","0.5276","0"
"566","2.2832","0.6026","0"
"567","2.5648","0.4783","0"
"568","2.4053","0.5259","0"
"569","3.7002","0.5818","0"
"570","2.5705","0.5271","0"
"571","2.3684","0.4445","0"
"572","2.4555","0.7209","0"
"573","2.1338","0.4713","0"
"574","2.3242","0.4698","0"
"575","2.5664","0.6354","0"
"576","2.9677","0.5263","0"
"577","2.4586","0.4392","0"
"578","2.3592","0.6258","0"
"579","2.2846","0.4584","0"
"580","2.1503","0.4234","0"
"581","2.3063","0.6421","0"
"582","2.4861","0.5675","0"
"583","3.1399","0.4487","0"
"584","2.7364","0.6701","0"
"585","2.2714","0.5128","0"
"586","2.2206","0.4917","0"
"587","2.4889","0.5534","0"
"588","2.2229","0.5469","0"
"589","2.2882","0.4809","0"
"590","3.4509","0.6898","0"
"591","2.7659","0.4572","0"
"592","2.8746","0.9433","0"
"593","2.2997","0.5519","0"
"594","2.1474","0.4822","0"
"595","2.4223","0.4731","0"
"596","2.3539","0.6256","0"
"597","2.9377","0.4392","0"
"598","2.6202","0.4291","0"
"599","2.4712","0.54","0"
"600","2.3778","0.5285","0"
"601","2.3288","0.4507","0"
"602","2.3577","0.6578","0"
"603","2.3438","0.4672","0"
"604","3.365","0.484","0"
"605","2.5647","0.5516","0"
"606","2.1665","0.4861","0"
"607","2.4118","0.4778","0"
"608","2.2919","0.6159","0"
"609","2.1863","0.5008","0"
"610","2.3684","0.4895","0"
"611","3.1569","0.5363","0"
"612","2.4263","0.4858","0"
"613","2.3301","0.5358","0"
"614","2.3385","0.6395","0"
"615","2.434","0.4682","0"
"616","2.1271","0.4248","0"
"617","2.4103","0.5569","0"
"618","2.9364","0.4779","0"
"619","2.7118","0.4561","0"
"620","2.3156","0.614","0"
"621","2.3413","0.4655","0"
"622","2.1312","0.4108","0"
"623","2.5493","0.5911","0"
"624","2.2671","0.5131","0"
"625","3.0429","0.4521","0"
"626","2.6816","0.613","0"
"627","2.4612","0.4663","0"
"628","2.3344","0.4854","0"
"629","2.4636","0.536","0"
"630","2.1532","0.5021","0"
"631","2.3111","0.4366","0"
"632","3.2592","0.6497","0"
"633","2.4495","0.4638","0"
"634","2.2029","0.4465","0"
"635","2.5292","0.5493","0"
"636","2.2557","0.5076","0"
"637","2.1975","0.4825","0"
"638","2.3356","0.6163","0"
"639","3.3323","0.487","0"
"640","2.6092","0.4988","0"
"641","2.2474","0.5252","0"
"642","2.2406","0.5416","0"
"643","2.3371","0.441","0"
"644","2.55","0.7113","0"
"645","2.2122","0.439","0"
"646","2.8569","0.4124","0"
"647","2.9759","0.5407","0"
"648","2.1372","0.4798","0"
"649","2.3012","0.5316","0"
"650","2.3199","0.6268","0"
"651","2.3489","0.5192","0"
"652","2.1156","0.4262","0"
"653","3.137","0.5852","0"
"654","2.5847","0.5012","0"
"655","2.3497","0.4977","0"
"656","2.7361","0.6416","0"
"657","2.0925","0.446","0"
"658","2.0682","0.4168","0"
"659","2.4128","0.5557","0"
"660","2.9905","0.4958","0"
"661","2.6057","0.4296","0"
"662","2.3489","0.6798","0"
"663","2.2148","0.4183","0"
"664","2.9399","1.0257","0"
"665","2.1378","0.5221","0"
"666","2.1189","0.4677","0"
"667","3.0935","0.4407","0"
"668","2.8117","0.6521","0"
"669","2.03","0.4178","0"
"670","2.262","0.4926","0"
"671","2.3515","0.5323","0"
"672","2.275","0.5016","0"
"673","2.3855","0.4774","0"
"674","3.3499","0.647","0"
"675","2.7319","0.4583","0"
"676","2.4813","0.5199","0"
"677","2.2509","0.6028","0"
"678","2.2442","0.5535","0"
"679","2.3205","0.4586","0"
